0,名前,ファイル名,グループ名
1,相加相乗平均,arithmetic_geometric_mean.mml,方程式・不等式
2,コーシー＝シュワルツの不等式(二次),cauchy_schwarz_2.mml,方程式・不等式
3,コーシー＝シュワルツの不等式(三次),cauchy_schwarz_3.mml,方程式・不等式
4,ピタゴラスの定理,pythagorean.mml,図形
5,ヘロンの公式,heron.mml,図形
6,多重根号を外す,Nested_radical.mml,方程式・不等式
7,sinの加法定理,trigonometric_function/sin_additionTheorem.mml,三角関数
8,sinの倍角の公式,trigonometric_function/sin_doubleAngle.mml,三角関数
9,sinの半角の公式,trigonometric_function/sin_halfAngle.mml,三角関数
10,sinの三倍角の公式,trigonometric_function/sin_tripleAngle.mml,三角関数
11,cosの加法定理,trigonometric_function/cos_additionTheorem.mml,三角関数
12,cosの倍角の公式,trigonometric_function/cos_doubleAngle.mml,三角関数
13,cosの半角の公式,trigonometric_function/cos_halfAngle.mml,三角関数
14,cosの三倍角の公式,trigonometric_function/cos_tripleAngle.mml,三角関数
15,tanの加法定理,trigonometric_function/tan_additionTheorem.mml,三角関数
16,tanの倍角の公式,trigonometric_function/tan_doubleAngle.mml,三角関数
17,tanの半角の公式,trigonometric_function/tan_halfAngle.mml,三角関数
18,ド・モアブルの定理,trigonometric_function/do_moivre.mml,三角関数
19,オイラーの公式,trigonometric_function/euler.mml,三角関数
20,sin×sinの積和公式,trigonometric_function/sekiwa_sinsin.mml,三角関数
21,sin×cosの積和公式,trigonometric_function/sekiwa_sincos.mml,三角関数
22,cos×cosの積和公式,trigonometric_function/sekiwa_coscos.mml,三角関数
23,sin＋sinの和積公式,trigonometric_function/waseki_sin_plus_sin.mml,三角関数
24,sin－sinの和積公式,trigonometric_function/waseki_sin_min_sin.mml,三角関数
25,cos＋cosの和積公式,trigonometric_function/waseki_cos_plus_cos.mml,三角関数
26,cos－cosの和積公式,trigonometric_function/waseki_cos_min_cos.mml,三角関数
27,cosのπ/2の移動,trigonometric_function/move_pi_second/cos.mml,三角関数
28,sinのπ/2の移動,trigonometric_function/move_pi_second/sin.mml,三角関数
29,底の変換公式,log_changeBase.mml,対数
30,導関数,hs_math_2/044_bibunn_doukannsuu.mml,微分
31,三角行列,matrix/matrix_sankaku.mml,行列
32,下三角行列,matrix/matrix_sankaku_down.mml,行列
33,上三角行列,matrix/matrix_sankaku_up.mml,行列
34,スカラー行列,matrix/matrix_scalar.mml,行列
35,対称行列,matrix/matrix_taishou.mml,行列
36,単位行列,matrix/matrix_tanni.mml,行列
37,零行列,matrix/matrix_zero.mml,行列
38,加法の交換法則,Commutative law of addition.mml,方程式・不等式
39,ピタゴラスの定理,trigonometric_function/Pythagorean_theorem_sankaku2.mml,三角関数
40,tanの定義,trigonometric_function/tan_definition.mml,三角関数
41,約分,reduction.mml,方程式・不等式
42,約分,reduction2.mml,方程式・不等式
43,乗除算の計算,Calculation_of_multiplication_and_division.mml,方程式・不等式
44,通分,reduce1.mml,方程式・不等式
45,通分,reduce2.mml,方程式・不等式
46,ピタゴラスの定理,trigonometric_function/Pythagorean_theorem_sankaku3.mml,三角関数
47,展開,Expansion6_1.mml,方程式・不等式
48,展開,Expansion6_2.mml,方程式・不等式
49,sinのπ/2の移動,trigonometric_function/move_pi_second/sin_2.mml,三角関数
50,cosのπ/2の移動,trigonometric_function/move_pi_second/cos_2.mml,三角関数
51,cosの値,trigonometric_function/cos_value.mml,三角関数
52,sinの対称性,trigonometric_function/sin_symmetry1.mml,三角関数
53,cosの対称性,trigonometric_function/cos_symmetry1.mml,三角関数
54,cosの対称性,trigonometric_function/cos_symmetry2.mml,三角関数
55,sinの対称性,trigonometric_function/sin_symmetry2.mml,三角関数
56,sinの位相のシフト,trigonometric_function/move_pi_second/sin_3.mml,三角関数
57,減算と加算の変換,Conversion_subtraction_addition.mml,方程式・不等式
58,sinの対称性,trigonometric_function/sin_symmetry3.mml,三角関数
59,減算と加算の変換,Conversion_subtraction_addition2.mml,方程式・不等式
60,分配法則,12-17/Distributive_law12.mml,方程式・不等式
61,分配法則,12-17/Distributive_law13.mml,方程式・不等式
62,分配法則,12-17/Distributive_law14.mml,方程式・不等式
63,分配法則,12-17/Distributive_law15.mml,方程式・不等式
64,分配法則,12-17/Distributive_law16.mml,方程式・不等式
65,分配法則,12-17/Distributive_law17.mml,方程式・不等式
66,展開,39-52/Expansion39.mml,方程式・不等式
67,展開,39-52/Expansion40.mml,方程式・不等式
68,展開,39-52/Expansion41.mml,方程式・不等式
69,展開,39-52/Expansion42.mml,方程式・不等式
70,展開,39-52/Expansion43.mml,方程式・不等式
71,展開,39-52/Expansion45.mml,方程式・不等式
72,展開,39-52/Expansion46.mml,方程式・不等式
73,展開,39-52/Expansion47.mml,方程式・不等式
74,展開,39-52/Expansion48.mml,方程式・不等式
75,展開,39-52/Expansion49.mml,方程式・不等式
76,展開,39-52/Expansion50.mml,方程式・不等式
77,展開,39-52/Expansion51.mml,方程式・不等式
78,展開,39-52/Expansion52.mml,方程式・不等式
79,cosの値,trigonometric_function/cosPi_2kai.mml,三角関数
80,cosの値,trigonometric_function/cosPi_3kai.mml,三角関数
81,tanの周期性,trigonometric_function/periodicity82.mml,三角関数
82,tanの位相のシフト,trigonometric_function/Shift77.mml,三角関数
83,cosの位相のシフト,trigonometric_function/Shift79kai.mml,三角関数
84,sinの値,trigonometric_function/sinPi_2kai.mml,三角関数
85,sinの値,trigonometric_function/sinPi_3kai.mml,三角関数
86,sin値,trigonometric_function/sinPi_kai.mml,三角関数
87,sinの値,trigonometric_function/sin0_kai.mml,三角関数
88,tanの対称性,trigonometric_function/symmetry66_kai.mml,三角関数
89,tanの対称性,trigonometric_function/symmetry69.mml,三角関数
90,cosの対称性,trigonometric_function/symmetry71_kai.mml,三角関数
91,tanの対称性,trigonometric_function/symmetry72.mml,三角関数
92,tan＋tanの和積公式,trigonometric_function/sum_product110.mml,三角関数
93,tan-tanの和積公式,trigonometric_function/sum_product111.mml,三角関数
94,1/tan+1/tanの和積公式,trigonometric_function/sum_product112.mml,三角関数
95,1/tan-1/tanの和積公式,trigonometric_function/sum_product113.mml,三角関数
96,cos×sinの積和公式,trigonometric_function/sum_product118_kai.mml,三角関数
97,sinの倍角の公式,trigonometric_function/double_anble122.mml,三角関数
98,cosの倍角の公式,trigonometric_function/double_anble126.mml,三角関数
99,cosの倍角の公式,trigonometric_function/double_anble127.mml,三角関数
100,cosの倍角の公式,trigonometric_function/double_anble128.mml,三角関数
101,tanの倍角の公式,trigonometric_function/double_anble130_kai.mml,三角関数
102,cosの倍角の公式,trigonometric_function/double_anble131_kai.mml,三角関数
103,tanの三倍角の公式,trigonometric_function/triples136.mml,三角関数
104,tanの三倍角の公式,trigonometric_function/triples137.mml,三角関数
105,分数の計算,fraction_exi147.mml,方程式・不等式
106,分数の計算,fraction_exi148.mml,方程式・不等式
107,正負の変換,posi_nega_trans151.mml,方程式・不等式
108,減算の2乗,sub_aquaring157.mml,方程式・不等式
109,分配法則,18-24/Distributibe_law18.mml,方程式・不等式
110,分配法則,18-24/Distributibe_law19.mml,方程式・不等式
111,分配法則,18-24/Distributibe_law20.mml,方程式・不等式
112,分配法則,18-24/Distributibe_law21.mml,方程式・不等式
113,分配法則,18-24/Distributibe_law22.mml,方程式・不等式
114,分配法則,18-24/Distributibe_law23.mml,方程式・不等式
115,分配法則,18-24/Distributibe_law24.mml,方程式・不等式